Chart,Question code,First Split,Second Split,N
Party Dot Plot,"<a href=""https://www.ark.ac.uk/nilt/2025/Background/TRAVRES2.html"">TRAVRES2</a>",Alliance,—,1578.4176027311653
Party Dot Plot,"<a href=""https://www.ark.ac.uk/nilt/2025/Background/TRAVRES2.html"">TRAVRES2</a>",DUP,—,891.0583555519788
Party Dot Plot,"<a href=""https://www.ark.ac.uk/nilt/2025/Background/TRAVRES2.html"">TRAVRES2</a>",SDLP,—,722.5716886642717
Party Dot Plot,"<a href=""https://www.ark.ac.uk/nilt/2025/Background/TRAVRES2.html"">TRAVRES2</a>",Sinn Féin,—,1114.1939344094517
Party Dot Plot,"<a href=""https://www.ark.ac.uk/nilt/2025/Background/TRAVRES2.html"">TRAVRES2</a>",UUP,—,728.851594968347
Party Dot Plot,"<a href=""https://www.ark.ac.uk/nilt/2025/Background/TRAVCOLL.html"">TRAVCOLL</a>",Alliance,—,1589.5241663481652
Party Dot Plot,"<a href=""https://www.ark.ac.uk/nilt/2025/Background/TRAVCOLL.html"">TRAVCOLL</a>",DUP,—,906.7041814821175
Party Dot Plot,"<a href=""https://www.ark.ac.uk/nilt/2025/Background/TRAVCOLL.html"">TRAVCOLL</a>",SDLP,—,740.4612043746163
Party Dot Plot,"<a href=""https://www.ark.ac.uk/nilt/2025/Background/TRAVCOLL.html"">TRAVCOLL</a>",Sinn Féin,—,1148.7005024944856
Party Dot Plot,"<a href=""https://www.ark.ac.uk/nilt/2025/Background/TRAVCOLL.html"">TRAVCOLL</a>",UUP,—,742.7129249323469
Party Dot Plot,"<a href=""https://www.ark.ac.uk/nilt/2025/Background/TRAVREL.html"">TRAVREL</a>",Alliance,—,1515.8547147448583
Party Dot Plot,"<a href=""https://www.ark.ac.uk/nilt/2025/Background/TRAVREL.html"">TRAVREL</a>",DUP,—,874.2822949113611
Party Dot Plot,"<a href=""https://www.ark.ac.uk/nilt/2025/Background/TRAVREL.html"">TRAVREL</a>",SDLP,—,696.8294349070321
Party Dot Plot,"<a href=""https://www.ark.ac.uk/nilt/2025/Background/TRAVREL.html"">TRAVREL</a>",Sinn Féin,—,1077.621353653246
Party Dot Plot,"<a href=""https://www.ark.ac.uk/nilt/2025/Background/TRAVREL.html"">TRAVREL</a>",UUP,—,713.283658866935
Party Dot Plot,"<a href=""https://www.ark.ac.uk/nilt/2025/Background/EERES.html"">EERES</a>",Alliance,—,1512.819362002611
Party Dot Plot,"<a href=""https://www.ark.ac.uk/nilt/2025/Background/EERES.html"">EERES</a>",DUP,—,897.617282855458
Party Dot Plot,"<a href=""https://www.ark.ac.uk/nilt/2025/Background/EERES.html"">EERES</a>",SDLP,—,697.5090020095114
Party Dot Plot,"<a href=""https://www.ark.ac.uk/nilt/2025/Background/EERES.html"">EERES</a>",Sinn Féin,—,1020.5942658969351
Party Dot Plot,"<a href=""https://www.ark.ac.uk/nilt/2025/Background/EERES.html"">EERES</a>",UUP,—,730.4330259653469
Party Dot Plot,"<a href=""https://www.ark.ac.uk/nilt/2025/Background/EECOLL.html"">EECOLL</a>",Alliance,—,1511.781862140783
Party Dot Plot,"<a href=""https://www.ark.ac.uk/nilt/2025/Background/EECOLL.html"">EECOLL</a>",DUP,—,915.083860536975
Party Dot Plot,"<a href=""https://www.ark.ac.uk/nilt/2025/Background/EECOLL.html"">EECOLL</a>",SDLP,—,698.9792807295114
Party Dot Plot,"<a href=""https://www.ark.ac.uk/nilt/2025/Background/EECOLL.html"">EECOLL</a>",Sinn Féin,—,1029.9882320114518
Party Dot Plot,"<a href=""https://www.ark.ac.uk/nilt/2025/Background/EECOLL.html"">EECOLL</a>",UUP,—,733.310492710036
Party Dot Plot,"<a href=""https://www.ark.ac.uk/nilt/2025/Background/EEREL.html"">EEREL</a>",Alliance,—,1482.2705415615098
Party Dot Plot,"<a href=""https://www.ark.ac.uk/nilt/2025/Background/EEREL.html"">EEREL</a>",DUP,—,876.6104769983907
Party Dot Plot,"<a href=""https://www.ark.ac.uk/nilt/2025/Background/EEREL.html"">EEREL</a>",SDLP,—,671.7901499056162
Party Dot Plot,"<a href=""https://www.ark.ac.uk/nilt/2025/Background/EEREL.html"">EEREL</a>",Sinn Féin,—,999.1208799849013
Party Dot Plot,"<a href=""https://www.ark.ac.uk/nilt/2025/Background/EEREL.html"">EEREL</a>",UUP,—,699.7913178114856
Party Dot Plot,"<a href=""https://www.ark.ac.uk/nilt/2025/Background/MUSRES2.html"">MUSRES2</a>",Alliance,—,1664.721613012989
Party Dot Plot,"<a href=""https://www.ark.ac.uk/nilt/2025/Background/MUSRES2.html"">MUSRES2</a>",DUP,—,951.3236853366304
Party Dot Plot,"<a href=""https://www.ark.ac.uk/nilt/2025/Background/MUSRES2.html"">MUSRES2</a>",SDLP,—,769.5146744413728
Party Dot Plot,"<a href=""https://www.ark.ac.uk/nilt/2025/Background/MUSRES2.html"">MUSRES2</a>",Sinn Féin,—,1158.0677603456577
Party Dot Plot,"<a href=""https://www.ark.ac.uk/nilt/2025/Background/MUSRES2.html"">MUSRES2</a>",UUP,—,769.7741896183805
Party Dot Plot,"<a href=""https://www.ark.ac.uk/nilt/2025/Background/MUSCOLL2.html"">MUSCOLL2</a>",Alliance,—,1664.354611188506
Party Dot Plot,"<a href=""https://www.ark.ac.uk/nilt/2025/Background/MUSCOLL2.html"">MUSCOLL2</a>",DUP,—,962.0654855804918
Party Dot Plot,"<a href=""https://www.ark.ac.uk/nilt/2025/Background/MUSCOLL2.html"">MUSCOLL2</a>",SDLP,—,775.3709801197173
Party Dot Plot,"<a href=""https://www.ark.ac.uk/nilt/2025/Background/MUSCOLL2.html"">MUSCOLL2</a>",Sinn Féin,—,1166.4389352706917
Party Dot Plot,"<a href=""https://www.ark.ac.uk/nilt/2025/Background/MUSCOLL2.html"">MUSCOLL2</a>",UUP,—,768.7295558118974
Party Dot Plot,"<a href=""https://www.ark.ac.uk/nilt/2025/Background/MUSREL2.html"">MUSREL2</a>",Alliance,—,1579.1219825046146
Party Dot Plot,"<a href=""https://www.ark.ac.uk/nilt/2025/Background/MUSREL2.html"">MUSREL2</a>",DUP,—,913.9229970861848
Party Dot Plot,"<a href=""https://www.ark.ac.uk/nilt/2025/Background/MUSREL2.html"">MUSREL2</a>",SDLP,—,728.2723374592717
Party Dot Plot,"<a href=""https://www.ark.ac.uk/nilt/2025/Background/MUSREL2.html"">MUSREL2</a>",Sinn Féin,—,1109.0242974443845
Party Dot Plot,"<a href=""https://www.ark.ac.uk/nilt/2025/Background/MUSREL2.html"">MUSREL2</a>",UUP,—,722.7328513822795
Party Dot Plot,"<a href=""https://www.ark.ac.uk/nilt/2025/Background/MEGRES.html"">MEGRES</a>",Alliance,—,1667.058035262195
Party Dot Plot,"<a href=""https://www.ark.ac.uk/nilt/2025/Background/MEGRES.html"">MEGRES</a>",DUP,—,958.0125783828026
Party Dot Plot,"<a href=""https://www.ark.ac.uk/nilt/2025/Background/MEGRES.html"">MEGRES</a>",SDLP,—,775.7374235637174
Party Dot Plot,"<a href=""https://www.ark.ac.uk/nilt/2025/Background/MEGRES.html"">MEGRES</a>",Sinn Féin,—,1163.6598733203132
Party Dot Plot,"<a href=""https://www.ark.ac.uk/nilt/2025/Background/MEGRES.html"">MEGRES</a>",UUP,—,772.7855546032083
Party Dot Plot,"<a href=""https://www.ark.ac.uk/nilt/2025/Background/MEGCOLL.html"">MEGCOLL</a>",Alliance,—,1662.1423669350227
Party Dot Plot,"<a href=""https://www.ark.ac.uk/nilt/2025/Background/MEGCOLL.html"">MEGCOLL</a>",DUP,—,962.5315345338026
Party Dot Plot,"<a href=""https://www.ark.ac.uk/nilt/2025/Background/MEGCOLL.html"">MEGCOLL</a>",SDLP,—,779.7671274077173
Party Dot Plot,"<a href=""https://www.ark.ac.uk/nilt/2025/Background/MEGCOLL.html"">MEGCOLL</a>",Sinn Féin,—,1169.9930647970025
Party Dot Plot,"<a href=""https://www.ark.ac.uk/nilt/2025/Background/MEGCOLL.html"">MEGCOLL</a>",UUP,—,773.974625763036
Party Dot Plot,"<a href=""https://www.ark.ac.uk/nilt/2025/Background/MEGREL.html"">MEGREL</a>",Alliance,—,1596.5154012280266
Party Dot Plot,"<a href=""https://www.ark.ac.uk/nilt/2025/Background/MEGREL.html"">MEGREL</a>",DUP,—,892.9934024451175
Party Dot Plot,"<a href=""https://www.ark.ac.uk/nilt/2025/Background/MEGREL.html"">MEGREL</a>",SDLP,—,736.5538440509272
Party Dot Plot,"<a href=""https://www.ark.ac.uk/nilt/2025/Background/MEGREL.html"">MEGREL</a>",Sinn Féin,—,1114.114799179523
Party Dot Plot,"<a href=""https://www.ark.ac.uk/nilt/2025/Background/MEGREL.html"">MEGREL</a>",UUP,—,718.6184811579013
Party Dot Plot,SUPPORT_ASYLUM_SEEKERS,Alliance,—,1463.9176109890564
Party Dot Plot,SUPPORT_ASYLUM_SEEKERS,DUP,—,869.72258046587
Party Dot Plot,SUPPORT_ASYLUM_SEEKERS,SDLP,—,651.0633117488896
Party Dot Plot,SUPPORT_ASYLUM_SEEKERS,Sinn Féin,—,995.0322317878638
Party Dot Plot,SUPPORT_ASYLUM_SEEKERS,UUP,—,702.6501156805865
Party Dot Plot,SUPPORT_REFUGEES,Alliance,—,1696.419009956401
Party Dot Plot,SUPPORT_REFUGEES,DUP,—,1015.7010638322145
Party Dot Plot,SUPPORT_REFUGEES,SDLP,—,787.7765867828896
Party Dot Plot,SUPPORT_REFUGEES,Sinn Féin,—,1205.1681272528638
Party Dot Plot,SUPPORT_REFUGEES,UUP,—,818.1862904125865
Party Dot Plot,BELIEVE_REFUGEES_CONTRIB,Alliance,—,755.5184157399999
Party Dot Plot,BELIEVE_REFUGEES_CONTRIB,DUP,—,442.25103436
Party Dot Plot,BELIEVE_REFUGEES_CONTRIB,SDLP,—,339.19860874799997
Party Dot Plot,BELIEVE_REFUGEES_CONTRIB,Sinn Féin,—,665.6375993439999
Party Dot Plot,BELIEVE_REFUGEES_CONTRIB,UUP,—,350.715029488
Party Dot Plot,PREFER_MIXED_SCHOOL,Alliance,—,1695.672907791401
Party Dot Plot,PREFER_MIXED_SCHOOL,DUP,—,1015.520471566181
Party Dot Plot,PREFER_MIXED_SCHOOL,SDLP,—,787.6631619238896
Party Dot Plot,PREFER_MIXED_SCHOOL,Sinn Féin,—,1203.6491806868637
Party Dot Plot,PREFER_MIXED_SCHOOL,UUP,—,818.1402781345865
Party Dot Plot,PREFER_MIXED_NEIGHBOURHOOD,Alliance,—,1696.419009956401
Party Dot Plot,PREFER_MIXED_NEIGHBOURHOOD,DUP,—,1019.4975456702145
Party Dot Plot,PREFER_MIXED_NEIGHBOURHOOD,SDLP,—,788.8720581038897
Party Dot Plot,PREFER_MIXED_NEIGHBOURHOOD,Sinn Féin,—,1207.7142665718638
Party Dot Plot,PREFER_MIXED_NEIGHBOURHOOD,UUP,—,820.2710814255865
Party Dot Plot,PREFER_MIXED_WORKPLACE,Alliance,—,1696.419009956401
Party Dot Plot,PREFER_MIXED_WORKPLACE,DUP,—,1019.4975456702147
Party Dot Plot,PREFER_MIXED_WORKPLACE,SDLP,—,788.8720581038896
Party Dot Plot,PREFER_MIXED_WORKPLACE,Sinn Féin,—,1207.7142665718636
Party Dot Plot,PREFER_MIXED_WORKPLACE,UUP,—,820.2710814255865
Column Chart,"<a href=""https://www.ark.ac.uk/nilt/2025/Background/MUSRES2.html"">MUSRES2</a>",British not Irish,—,1420.7403362176146
Column Chart,"<a href=""https://www.ark.ac.uk/nilt/2025/Background/MUSRES2.html"">MUSRES2</a>",Equally Irish and British,—,1235.597326950769
Column Chart,"<a href=""https://www.ark.ac.uk/nilt/2025/Background/MUSRES2.html"">MUSRES2</a>",Irish not British,—,1975.7715321852106
Column Chart,"<a href=""https://www.ark.ac.uk/nilt/2025/Background/MUSRES2.html"">MUSRES2</a>",More British than Irish,—,1207.1519216843533
Column Chart,"<a href=""https://www.ark.ac.uk/nilt/2025/Background/MUSRES2.html"">MUSRES2</a>",More Irish than British,—,849.9632846227134
Column Chart,SUPPORT_REFUGEES,British not Irish,—,1524.1752400484384
Column Chart,SUPPORT_REFUGEES,Equally Irish and British,—,1283.7329606115254
Column Chart,SUPPORT_REFUGEES,Irish not British,—,2041.8927137057613
Column Chart,SUPPORT_REFUGEES,More British than Irish,—,1261.359748897593
Column Chart,SUPPORT_REFUGEES,More Irish than British,—,877.2909926937471
Column Chart,PREFER_MIXED_NEIGHBOURHOOD,British not Irish,—,1533.7057755754386
Column Chart,PREFER_MIXED_NEIGHBOURHOOD,Equally Irish and British,—,1285.2806419745255
Column Chart,PREFER_MIXED_NEIGHBOURHOOD,Irish not British,—,2046.5664046377613
Column Chart,PREFER_MIXED_NEIGHBOURHOOD,More British than Irish,—,1265.6031594765927
Column Chart,PREFER_MIXED_NEIGHBOURHOOD,More Irish than British,—,877.2909926937471
Education Dot Plot,"<a href=""https://www.ark.ac.uk/nilt/2025/Background/MUSRES2.html"">MUSRES2</a>",British not Irish,No degree,797.8117242133688
Education Dot Plot,"<a href=""https://www.ark.ac.uk/nilt/2025/Background/MUSRES2.html"">MUSRES2</a>",British not Irish,Has degree,606.6086724002122
Education Dot Plot,"<a href=""https://www.ark.ac.uk/nilt/2025/Background/MUSRES2.html"">MUSRES2</a>",Equally Irish and British,No degree,536.3840947861152
Education Dot Plot,"<a href=""https://www.ark.ac.uk/nilt/2025/Background/MUSRES2.html"">MUSRES2</a>",Equally Irish and British,Has degree,688.5353559776202
Education Dot Plot,"<a href=""https://www.ark.ac.uk/nilt/2025/Background/MUSRES2.html"">MUSRES2</a>",Irish not British,No degree,868.0969952732835
Education Dot Plot,"<a href=""https://www.ark.ac.uk/nilt/2025/Background/MUSRES2.html"">MUSRES2</a>",Irish not British,Has degree,1095.203296176755
Education Dot Plot,"<a href=""https://www.ark.ac.uk/nilt/2025/Background/MUSRES2.html"">MUSRES2</a>",More British than Irish,No degree,532.0077773082835
Education Dot Plot,"<a href=""https://www.ark.ac.uk/nilt/2025/Background/MUSRES2.html"">MUSRES2</a>",More British than Irish,Has degree,664.3760101703806
Education Dot Plot,"<a href=""https://www.ark.ac.uk/nilt/2025/Background/MUSRES2.html"">MUSRES2</a>",More Irish than British,No degree,363.44555603094676
Education Dot Plot,"<a href=""https://www.ark.ac.uk/nilt/2025/Background/MUSRES2.html"">MUSRES2</a>",More Irish than British,Has degree,483.4416241347667
Education Dot Plot,SUPPORT_REFUGEES,British not Irish,No degree,867.2219373174698
Education Dot Plot,SUPPORT_REFUGEES,British not Irish,Has degree,635.374893107246
Education Dot Plot,SUPPORT_REFUGEES,Equally Irish and British,No degree,567.1872612764934
Education Dot Plot,SUPPORT_REFUGEES,Equally Irish and British,Has degree,700.397029038137
Education Dot Plot,SUPPORT_REFUGEES,Irish not British,No degree,901.6108910584894
Education Dot Plot,SUPPORT_REFUGEES,Irish not British,Has degree,1122.8121065560995
Education Dot Plot,SUPPORT_REFUGEES,More British than Irish,No degree,566.4938829118339
Education Dot Plot,SUPPORT_REFUGEES,More British than Irish,Has degree,682.9602858510697
Education Dot Plot,SUPPORT_REFUGEES,More Irish than British,No degree,380.2349886584636
Education Dot Plot,SUPPORT_REFUGEES,More Irish than British,Has degree,493.9798995782835
Education Dot Plot,PREFER_MIXED_NEIGHBOURHOOD,British not Irish,No degree,875.4535548524698
Education Dot Plot,PREFER_MIXED_NEIGHBOURHOOD,British not Irish,Has degree,635.374893107246
Education Dot Plot,PREFER_MIXED_NEIGHBOURHOOD,Equally Irish and British,No degree,567.1872612764934
Education Dot Plot,PREFER_MIXED_NEIGHBOURHOOD,Equally Irish and British,Has degree,701.944710401137
Education Dot Plot,PREFER_MIXED_NEIGHBOURHOOD,Irish not British,No degree,905.1891106694894
Education Dot Plot,PREFER_MIXED_NEIGHBOURHOOD,Irish not British,Has degree,1123.9075778770994
Education Dot Plot,PREFER_MIXED_NEIGHBOURHOOD,More British than Irish,No degree,569.982965154834
Education Dot Plot,PREFER_MIXED_NEIGHBOURHOOD,More British than Irish,Has degree,683.7146141870697
Education Dot Plot,PREFER_MIXED_NEIGHBOURHOOD,More Irish than British,No degree,380.23498865846364
Education Dot Plot,PREFER_MIXED_NEIGHBOURHOOD,More Irish than British,Has degree,493.9798995782835
Income Dot Plot,"<a href=""https://www.ark.ac.uk/nilt/2025/Background/MUSRES2.html"">MUSRES2</a>",British not Irish,Medium or High Income,945.2547533224658
Income Dot Plot,"<a href=""https://www.ark.ac.uk/nilt/2025/Background/MUSRES2.html"">MUSRES2</a>",British not Irish,Low Income,436.9403695963923
Income Dot Plot,"<a href=""https://www.ark.ac.uk/nilt/2025/Background/MUSRES2.html"">MUSRES2</a>",Equally Irish and British,Medium or High Income,878.8493867823688
Income Dot Plot,"<a href=""https://www.ark.ac.uk/nilt/2025/Background/MUSRES2.html"">MUSRES2</a>",Equally Irish and British,Low Income,328.1674180028496
Income Dot Plot,"<a href=""https://www.ark.ac.uk/nilt/2025/Background/MUSRES2.html"">MUSRES2</a>",Irish not British,Medium or High Income,1310.5193129801964
Income Dot Plot,"<a href=""https://www.ark.ac.uk/nilt/2025/Background/MUSRES2.html"">MUSRES2</a>",Irish not British,Low Income,640.5034311379804
Income Dot Plot,"<a href=""https://www.ark.ac.uk/nilt/2025/Background/MUSRES2.html"">MUSRES2</a>",More British than Irish,Medium or High Income,911.2366502544025
Income Dot Plot,"<a href=""https://www.ark.ac.uk/nilt/2025/Background/MUSRES2.html"">MUSRES2</a>",More British than Irish,Low Income,276.5543702714338
Income Dot Plot,"<a href=""https://www.ark.ac.uk/nilt/2025/Background/MUSRES2.html"">MUSRES2</a>",More Irish than British,Medium or High Income,577.0556469881747
Income Dot Plot,"<a href=""https://www.ark.ac.uk/nilt/2025/Background/MUSRES2.html"">MUSRES2</a>",More Irish than British,Low Income,263.94629135853876
Income Dot Plot,SUPPORT_REFUGEES,British not Irish,Medium or High Income,1002.2708943937392
Income Dot Plot,SUPPORT_REFUGEES,British not Irish,Low Income,476.50931559425374
Income Dot Plot,SUPPORT_REFUGEES,Equally Irish and British,Medium or High Income,908.0522419015747
Income Dot Plot,SUPPORT_REFUGEES,Equally Irish and British,Low Income,338.4341930843665
Income Dot Plot,SUPPORT_REFUGEES,Irish not British,Medium or High Income,1348.6842364855747
Income Dot Plot,SUPPORT_REFUGEES,Irish not British,Low Income,661.4891527061527
Income Dot Plot,SUPPORT_REFUGEES,More British than Irish,Medium or High Income,938.2965195586085
Income Dot Plot,SUPPORT_REFUGEES,More British than Irish,Low Income,299.00999020046754
Income Dot Plot,SUPPORT_REFUGEES,More Irish than British,Medium or High Income,593.7998463200361
Income Dot Plot,SUPPORT_REFUGEES,More Irish than British,Low Income,273.8383367807111
Income Dot Plot,PREFER_MIXED_NEIGHBOURHOOD,British not Irish,Medium or High Income,1007.2441451627392
Income Dot Plot,PREFER_MIXED_NEIGHBOURHOOD,British not Irish,Low Income,479.4603946862537
Income Dot Plot,PREFER_MIXED_NEIGHBOURHOOD,Equally Irish and British,Medium or High Income,909.5999232645747
Income Dot Plot,PREFER_MIXED_NEIGHBOURHOOD,Equally Irish and British,Low Income,338.4341930843665
Income Dot Plot,PREFER_MIXED_NEIGHBOURHOOD,Irish not British,Medium or High Income,1352.0116268625748
Income Dot Plot,PREFER_MIXED_NEIGHBOURHOOD,Irish not British,Low Income,662.8354532611527
Income Dot Plot,PREFER_MIXED_NEIGHBOURHOOD,More British than Irish,Medium or High Income,940.4309481536084
Income Dot Plot,PREFER_MIXED_NEIGHBOURHOOD,More British than Irish,Low Income,301.1189721844675
Income Dot Plot,PREFER_MIXED_NEIGHBOURHOOD,More Irish than British,Medium or High Income,593.799846320036
Income Dot Plot,PREFER_MIXED_NEIGHBOURHOOD,More Irish than British,Low Income,273.838336780711
Lived Out Dot Plot,"<a href=""https://www.ark.ac.uk/nilt/2025/Background/MUSRES2.html"">MUSRES2</a>",British not Irish,Always lived in NI,976.26140621005
Lived Out Dot Plot,"<a href=""https://www.ark.ac.uk/nilt/2025/Background/MUSRES2.html"">MUSRES2</a>",British not Irish,Has lived outside of NI,444.4789300075646
Lived Out Dot Plot,"<a href=""https://www.ark.ac.uk/nilt/2025/Background/MUSRES2.html"">MUSRES2</a>",Equally Irish and British,Always lived in NI,763.7823047185153
Lived Out Dot Plot,"<a href=""https://www.ark.ac.uk/nilt/2025/Background/MUSRES2.html"">MUSRES2</a>",Equally Irish and British,Has lived outside of NI,471.81502223225374
Lived Out Dot Plot,"<a href=""https://www.ark.ac.uk/nilt/2025/Background/MUSRES2.html"">MUSRES2</a>",Irish not British,Always lived in NI,1230.7573833588222
Lived Out Dot Plot,"<a href=""https://www.ark.ac.uk/nilt/2025/Background/MUSRES2.html"">MUSRES2</a>",Irish not British,Has lived outside of NI,745.0141488263885
Lived Out Dot Plot,"<a href=""https://www.ark.ac.uk/nilt/2025/Background/MUSRES2.html"">MUSRES2</a>",More British than Irish,Always lived in NI,803.3893509774776
Lived Out Dot Plot,"<a href=""https://www.ark.ac.uk/nilt/2025/Background/MUSRES2.html"">MUSRES2</a>",More British than Irish,Has lived outside of NI,403.7625707068755
Lived Out Dot Plot,"<a href=""https://www.ark.ac.uk/nilt/2025/Background/MUSRES2.html"">MUSRES2</a>",More Irish than British,Always lived in NI,530.1321189835231
Lived Out Dot Plot,"<a href=""https://www.ark.ac.uk/nilt/2025/Background/MUSRES2.html"">MUSRES2</a>",More Irish than British,Has lived outside of NI,319.83116563919026
Lived Out Dot Plot,SUPPORT_REFUGEES,British not Irish,Always lived in NI,1059.6083979524956
Lived Out Dot Plot,SUPPORT_REFUGEES,British not Irish,Has lived outside of NI,464.5668420959429
Lived Out Dot Plot,SUPPORT_REFUGEES,Equally Irish and British,Always lived in NI,791.3733450435826
Lived Out Dot Plot,SUPPORT_REFUGEES,Equally Irish and British,Has lived outside of NI,492.35961556794285
Lived Out Dot Plot,SUPPORT_REFUGEES,Irish not British,Always lived in NI,1274.6849772166836
Lived Out Dot Plot,SUPPORT_REFUGEES,Irish not British,Has lived outside of NI,767.2077364890775
Lived Out Dot Plot,SUPPORT_REFUGEES,More British than Irish,Always lived in NI,848.533691763545
Lived Out Dot Plot,SUPPORT_REFUGEES,More British than Irish,Has lived outside of NI,412.82605713404774
Lived Out Dot Plot,SUPPORT_REFUGEES,More Irish than British,Always lived in NI,548.1297139050399
Lived Out Dot Plot,SUPPORT_REFUGEES,More Irish than British,Has lived outside of NI,329.1612787887071
Lived Out Dot Plot,PREFER_MIXED_NEIGHBOURHOOD,British not Irish,Always lived in NI,1068.5127769074957
Lived Out Dot Plot,PREFER_MIXED_NEIGHBOURHOOD,British not Irish,Has lived outside of NI,465.1929986679428
Lived Out Dot Plot,PREFER_MIXED_NEIGHBOURHOOD,Equally Irish and British,Always lived in NI,792.9210264065825
Lived Out Dot Plot,PREFER_MIXED_NEIGHBOURHOOD,Equally Irish and British,Has lived outside of NI,492.3596155679428
Lived Out Dot Plot,PREFER_MIXED_NEIGHBOURHOOD,Irish not British,Always lived in NI,1279.3586681486836
Lived Out Dot Plot,PREFER_MIXED_NEIGHBOURHOOD,Irish not British,Has lived outside of NI,767.2077364890775
Lived Out Dot Plot,PREFER_MIXED_NEIGHBOURHOOD,More British than Irish,Always lived in NI,851.377172976545
Lived Out Dot Plot,PREFER_MIXED_NEIGHBOURHOOD,More British than Irish,Has lived outside of NI,414.2259865000477
Lived Out Dot Plot,PREFER_MIXED_NEIGHBOURHOOD,More Irish than British,Always lived in NI,548.1297139050399
Lived Out Dot Plot,PREFER_MIXED_NEIGHBOURHOOD,More Irish than British,Has lived outside of NI,329.16127878870714
Age Dot Plot,"<a href=""https://www.ark.ac.uk/nilt/2025/Background/MUSRES2.html"">MUSRES2</a>",British not Irish,45 or over,802.5786231295074
Age Dot Plot,"<a href=""https://www.ark.ac.uk/nilt/2025/Background/MUSRES2.html"">MUSRES2</a>",British not Irish,Under 45,618.1617130881073
Age Dot Plot,"<a href=""https://www.ark.ac.uk/nilt/2025/Background/MUSRES2.html"">MUSRES2</a>",Equally Irish and British,45 or over,818.1158597123391
Age Dot Plot,"<a href=""https://www.ark.ac.uk/nilt/2025/Background/MUSRES2.html"">MUSRES2</a>",Equally Irish and British,Under 45,416.1876568874299
Age Dot Plot,"<a href=""https://www.ark.ac.uk/nilt/2025/Background/MUSRES2.html"">MUSRES2</a>",Irish not British,45 or over,948.5143024122796
Age Dot Plot,"<a href=""https://www.ark.ac.uk/nilt/2025/Background/MUSRES2.html"">MUSRES2</a>",Irish not British,Under 45,1026.3091353809311
Age Dot Plot,"<a href=""https://www.ark.ac.uk/nilt/2025/Background/MUSRES2.html"">MUSRES2</a>",More British than Irish,45 or over,724.6427749792044
Age Dot Plot,"<a href=""https://www.ark.ac.uk/nilt/2025/Background/MUSRES2.html"">MUSRES2</a>",More British than Irish,Under 45,482.5091467051488
Age Dot Plot,"<a href=""https://www.ark.ac.uk/nilt/2025/Background/MUSRES2.html"">MUSRES2</a>",More Irish than British,45 or over,474.82590338901014
Age Dot Plot,"<a href=""https://www.ark.ac.uk/nilt/2025/Background/MUSRES2.html"">MUSRES2</a>",More Irish than British,Under 45,375.1373812337032
Age Dot Plot,SUPPORT_REFUGEES,British not Irish,45 or over,870.8523629638144
Age Dot Plot,SUPPORT_REFUGEES,British not Irish,Under 45,652.8170039444519
Age Dot Plot,SUPPORT_REFUGEES,Equally Irish and British,45 or over,853.0727834528897
Age Dot Plot,SUPPORT_REFUGEES,Equally Irish and British,Under 45,429.3663668076358
Age Dot Plot,SUPPORT_REFUGEES,Irish not British,45 or over,985.6444595743133
Age Dot Plot,SUPPORT_REFUGEES,Irish not British,Under 45,1054.422283027448
Age Dot Plot,SUPPORT_REFUGEES,More British than Irish,45 or over,765.4980583362717
Age Dot Plot,SUPPORT_REFUGEES,More British than Irish,Under 45,495.8616905613211
Age Dot Plot,SUPPORT_REFUGEES,More Irish than British,45 or over,490.9534950680438
Age Dot Plot,SUPPORT_REFUGEES,More Irish than British,Under 45,386.33749762570324
Age Dot Plot,PREFER_MIXED_NEIGHBOURHOOD,British not Irish,45 or over,877.1575563168144
Age Dot Plot,PREFER_MIXED_NEIGHBOURHOOD,British not Irish,Under 45,655.1005108554518
Age Dot Plot,PREFER_MIXED_NEIGHBOURHOOD,Equally Irish and British,45 or over,853.8968703048896
Age Dot Plot,PREFER_MIXED_NEIGHBOURHOOD,Equally Irish and British,Under 45,430.08996131863586
Age Dot Plot,PREFER_MIXED_NEIGHBOURHOOD,Irish not British,45 or over,990.3181505063133
Age Dot Plot,PREFER_MIXED_NEIGHBOURHOOD,Irish not British,Under 45,1054.422283027448
Age Dot Plot,PREFER_MIXED_NEIGHBOURHOOD,More British than Irish,45 or over,767.4983130142717
Age Dot Plot,PREFER_MIXED_NEIGHBOURHOOD,More British than Irish,Under 45,498.10484646232106
Age Dot Plot,PREFER_MIXED_NEIGHBOURHOOD,More Irish than British,45 or over,490.9534950680439
Age Dot Plot,PREFER_MIXED_NEIGHBOURHOOD,More Irish than British,Under 45,386.33749762570324
Church Dot Plot,"<a href=""https://www.ark.ac.uk/nilt/2025/Background/MUSRES2.html"">MUSRES2</a>",British not Irish,No religion,192.581499812
Church Dot Plot,"<a href=""https://www.ark.ac.uk/nilt/2025/Background/MUSRES2.html"">MUSRES2</a>",British not Irish,Occasional or never,370.57486637600005
Church Dot Plot,"<a href=""https://www.ark.ac.uk/nilt/2025/Background/MUSRES2.html"">MUSRES2</a>",British not Irish,Regular,279.18493731800004
Church Dot Plot,"<a href=""https://www.ark.ac.uk/nilt/2025/Background/MUSRES2.html"">MUSRES2</a>",Equally Irish and British,No religion,257.99568018900004
Church Dot Plot,"<a href=""https://www.ark.ac.uk/nilt/2025/Background/MUSRES2.html"">MUSRES2</a>",Equally Irish and British,Occasional or never,282.421594804
Church Dot Plot,"<a href=""https://www.ark.ac.uk/nilt/2025/Background/MUSRES2.html"">MUSRES2</a>",Equally Irish and British,Regular,236.560649489
Church Dot Plot,"<a href=""https://www.ark.ac.uk/nilt/2025/Background/MUSRES2.html"">MUSRES2</a>",Irish not British,No religion,274.751485603
Church Dot Plot,"<a href=""https://www.ark.ac.uk/nilt/2025/Background/MUSRES2.html"">MUSRES2</a>",Irish not British,Occasional or never,667.932492429
Church Dot Plot,"<a href=""https://www.ark.ac.uk/nilt/2025/Background/MUSRES2.html"">MUSRES2</a>",Irish not British,Regular,409.43519819100004
Church Dot Plot,"<a href=""https://www.ark.ac.uk/nilt/2025/Background/MUSRES2.html"">MUSRES2</a>",More British than Irish,No religion,211.602793412
Church Dot Plot,"<a href=""https://www.ark.ac.uk/nilt/2025/Background/MUSRES2.html"">MUSRES2</a>",More British than Irish,Occasional or never,274.077588279
Church Dot Plot,"<a href=""https://www.ark.ac.uk/nilt/2025/Background/MUSRES2.html"">MUSRES2</a>",More British than Irish,Regular,259.486211398
Church Dot Plot,"<a href=""https://www.ark.ac.uk/nilt/2025/Background/MUSRES2.html"">MUSRES2</a>",More Irish than British,No religion,166.753932342
Church Dot Plot,"<a href=""https://www.ark.ac.uk/nilt/2025/Background/MUSRES2.html"">MUSRES2</a>",More Irish than British,Occasional or never,182.59088861599997
Church Dot Plot,"<a href=""https://www.ark.ac.uk/nilt/2025/Background/MUSRES2.html"">MUSRES2</a>",More Irish than British,Regular,143.363076261
Church Dot Plot,SUPPORT_REFUGEES,British not Irish,No religion,205.934753696
Church Dot Plot,SUPPORT_REFUGEES,British not Irish,Occasional or never,396.02918181200005
Church Dot Plot,SUPPORT_REFUGEES,British not Irish,Regular,302.54180962600003
Church Dot Plot,SUPPORT_REFUGEES,Equally Irish and British,No religion,265.595234883
Church Dot Plot,SUPPORT_REFUGEES,Equally Irish and British,Occasional or never,293.786039764
Church Dot Plot,SUPPORT_REFUGEES,Equally Irish and British,Regular,244.507085228
Church Dot Plot,SUPPORT_REFUGEES,Irish not British,No religion,277.791290276
Church Dot Plot,SUPPORT_REFUGEES,Irish not British,Occasional or never,690.145069915
Church Dot Plot,SUPPORT_REFUGEES,Irish not British,Regular,432.15820881699995
Church Dot Plot,SUPPORT_REFUGEES,More British than Irish,No religion,219.254244026
Church Dot Plot,SUPPORT_REFUGEES,More British than Irish,Occasional or never,289.691819716
Church Dot Plot,SUPPORT_REFUGEES,More British than Irish,Regular,272.119647627
Church Dot Plot,SUPPORT_REFUGEES,More Irish than British,No religion,168.122973234
Church Dot Plot,SUPPORT_REFUGEES,More Irish than British,Occasional or never,195.311850757
Church Dot Plot,SUPPORT_REFUGEES,More Irish than British,Regular,149.55999536000002
Church Dot Plot,PREFER_MIXED_NEIGHBOURHOOD,British not Irish,No religion,206.569301285
Church Dot Plot,PREFER_MIXED_NEIGHBOURHOOD,British not Irish,Occasional or never,398.06291137200003
Church Dot Plot,PREFER_MIXED_NEIGHBOURHOOD,British not Irish,Regular,308.075361268
Church Dot Plot,PREFER_MIXED_NEIGHBOURHOOD,Equally Irish and British,No religion,265.595234883
Church Dot Plot,PREFER_MIXED_NEIGHBOURHOOD,Equally Irish and British,Occasional or never,295.333721127
Church Dot Plot,PREFER_MIXED_NEIGHBOURHOOD,Equally Irish and British,Regular,244.507085228
Church Dot Plot,PREFER_MIXED_NEIGHBOURHOOD,Irish not British,No religion,277.791290276
Church Dot Plot,PREFER_MIXED_NEIGHBOURHOOD,Irish not British,Occasional or never,690.145069915
Church Dot Plot,PREFER_MIXED_NEIGHBOURHOOD,Irish not British,Regular,436.831899749
Church Dot Plot,PREFER_MIXED_NEIGHBOURHOOD,More British than Irish,No religion,219.25424402599998
Church Dot Plot,PREFER_MIXED_NEIGHBOURHOOD,More British than Irish,Occasional or never,290.383916912
Church Dot Plot,PREFER_MIXED_NEIGHBOURHOOD,More British than Irish,Regular,273.608475192
Church Dot Plot,PREFER_MIXED_NEIGHBOURHOOD,More Irish than British,No religion,168.12297323400003
Church Dot Plot,PREFER_MIXED_NEIGHBOURHOOD,More Irish than British,Occasional or never,195.311850757
Church Dot Plot,PREFER_MIXED_NEIGHBOURHOOD,More Irish than British,Regular,149.55999536000002
